Input	Quota	Target Taxon	Target Gene ID	Target Gene Symbol	Target Transcript	Target Alias	CRISPR Mechanism	Target Domain	Reference Sequence	Strand of Target	PAM Policy	Initial Spacing Requirement	Off-Target Match Ruleset Version	Off-Target Tier Policy	Off-Target Match Bin Policy	Strand of sgRNA	Orientation	sgRNA Cut Position (1-based)	sgRNA Sequence	sgRNA Context Sequence	PAM Sequence	Exon Number	Target Cut Length	Target Total Length	Target Cut %	Other Target Matches	# Off-Target Tier I Match Bin I Matches	# Off-Target Tier II Match Bin I Matches	# Off-Target Tier III Match Bin I Matches	# Off-Target Tier IV Match Bin I Matches	# Off-Target Tier I Match Bin II Matches	# Off-Target Tier II Match Bin II Matches	# Off-Target Tier III Match Bin II Matches	# Off-Target Tier IV Match Bin II Matches	# Off-Target Tier I Match Bin III Matches	# Off-Target Tier II Match Bin III Matches	# Off-Target Tier III Match Bin III Matches	# Off-Target Tier IV Match Bin III Matches	# Off-Target Tier I Match Bin IV Matches	# Off-Target Tier II Match Bin IV Matches	# Off-Target Tier III Match Bin IV Matches	# Off-Target Tier IV Match Bin IV Matches	On-Target Ruleset	On-Target Efficacy Score	On-Target Rank	Off-Target Rank	On-Target Rank Weight	Off-Target Rank Weight	Combined Rank	Pick Order	Picking Round	Picking Notes
ENSG00000000003	MAX	9606	ENSG00000000003	TSPAN6	ENST00000373020.9		CRISPRko	CDS	NC_000023.11	-	enAsCas12a	5	1	1	5.20.100	-	sense	100635202	GTCGAACTGGTCGCTGCCATCGT	TTTTTTTGGTCGAACTGGTCGCTGCCATCGTAGG	TTTG	3	327	738	44.3		0	0	0	0	0	0	0	0	0	0	0	0	6	34	19	39	enPAM+GB	0.9436	5	1	1.0	1.0	1	1	1	
ENSG00000000003	MAX	9606	ENSG00000000003	TSPAN6	ENST00000373020.9		CRISPRko	CDS	NC_000023.11	-	enAsCas12a	5	1	1	5.20.100	-	sense	100636623	AAGAGCGTTCTGCTAATCTACAC	CTTGTTTCAAGAGCGTTCTGCTAATCTACACTTT	TTTC	1	72	738	9.8		0	0	0	0	0	0	0	0	0	8	3	2	2	140	70	112	enPAM+GB	0.9138	8	36	1.0	1.0	2	2	1	
ENSG00000000003	MAX	9606	ENSG00000000003	TSPAN6	ENST00000373020.9		CRISPRko	CDS	NC_000023.11	-	enAsCas12a	5	1	1	5.20.100	+	antisense	100636652	GCAGAACGCTCTTGAAACAAGTA	GTAGATTAGCAGAACGCTCTTGAAACAAGTAATG	ATTA	1	43	738	5.8		0	0	0	0	0	0	0	0	0	4	3	5	11	149	76	297	enPAM+GB	0.8167	26	20	1.0	1.0	3	10	2	Previously skipped due to: Spacing Violation: Too close to earlier pick at position 72
ENSG00000000003	MAX	9606	ENSG00000000003	TSPAN6	ENST00000373020.9		CRISPRko	CDS	NC_000023.11	-	enAsCas12a	5	1	1	5.20.100	-	sense	100635203	GGTCGAACTGGTCGCTGCCATCG	GTTTTTTTGGTCGAACTGGTCGCTGCCATCGTAG	TTTT	3	326	738	44.2		0	0	0	0	0	0	0	0	0	0	0	1	11	35	19	30	enPAM+GB	0.7335	58	4	1.0	1.0	4	11	2	Previously skipped due to: Spacing Violation: Too close to earlier pick at position 327
ENSG00000000003	MAX	9606	ENSG00000000003	TSPAN6	ENST00000373020.9		CRISPRko	CDS	NC_000023.11	-	enAsCas12a	5	1	1	5.20.100	+	antisense	100630822	CACTATCTCATACTGGTTATTTG	TTGGGTTACACTATCTCATACTGGTTATTTGTTA	GTTA	7	714	738	96.7		0	0	0	0	0	0	0	0	0	4	4	17	5	323	173	349	enPAM+GB	0.7525	49	21	1.0	1.0	5	204	4	Previously skipped due to: Outside Target Window: 0-80%; Outside Target Window: 5-65%
ENSG00000000003	MAX	9606	ENSG00000000003	TSPAN6	ENST00000373020.9		CRISPRko	CDS	NC_000023.11	-	enAsCas12a	5	1	1	5.20.100	+	antisense	100633413	AAAGGCACCTTACTTCATTGTTT	AAATTTTAAAAGGCACCTTACTTCATTGTTTACT	TTTA	5	577	738	78.2		0	0	0	0	0	0	0	0	0	32	12	17	10	484	213	392	enPAM+GB	0.9533	3	72	1.0	1.0	6	156	3	Previously skipped due to: Outside Target Window: 5-65%
ENSG00000000003	MAX	9606	ENSG00000000003	TSPAN6	ENST00000373020.9		CRISPRko	CDS	NC_000023.11	-	enAsCas12a	5	1	1	5.20.100	-	sense	100630830	TCGCCTACTGCCTCTCTCGTGCC	AATCTTTCTCGCCTACTGCCTCTCTCGTGCCATA	TTTC	7	706	738	95.7		0	0	0	0	0	0	0	0	0	11	4	9	16	187	74	144	enPAM+GB	0.7744	40	48	1.0	1.0	7	205	4	Previously skipped due to: Outside Target Window: 0-80%; Outside Target Window: 5-65%
ENSG00000000003	MAX	9606	ENSG00000000003	TSPAN6	ENST00000373020.9		CRISPRko	CDS	NC_000023.11	-	enAsCas12a	5	1	1	5.20.100	-	sense	100635204	TGGTCGAACTGGTCGCTGCCATC	CGTTTTTTTGGTCGAACTGGTCGCTGCCATCGTA	TTTT	3	325	738	44.0		0	0	0	0	0	0	0	0	0	0	0	0	12	34	10	20	enPAM+GB	0.6971	85	3	1.0	1.0	8	12	2	Previously skipped due to: Spacing Violation: Too close to earlier pick at position 327
ENSG00000000003	MAX	9606	ENSG00000000003	TSPAN6	ENST00000373020.9		CRISPRko	CDS	NC_000023.11	-	enAsCas12a	5	1	1	5.20.100	+	antisense	100633961	GATCTTGTCTACTGCATGGCTTC	GTATTTTGGATCTTGTCTACTGCATGGCTTCTAT	TTTG	4	420	738	56.9		0	0	0	0	0	0	0	0	1	1	5	10	19	261	143	233	enPAM+GB	0.8282	22	75	1.0	1.0	9	3	1	
